"Status","Start Time","Stop Time","Duration in ms","Parent Suite","Suite","Sub Suite","Test Class","Test Method","Name","Description"
"passed","Fri May 07 18:48:33 CST 2021","Fri May 07 18:48:33 CST 2021","1","","test_parametrize","","","","test_foo[0.4-0]",""
"passed","Fri May 07 18:48:33 CST 2021","Fri May 07 18:48:33 CST 2021","0","","test_parametrize","","","","test_add[bigint]",""
"passed","Fri May 07 18:48:33 CST 2021","Fri May 07 18:48:33 CST 2021","1","","test_parametrize","","","","test_foo[10000-1]",""
"passed","Fri May 07 18:48:33 CST 2021","Fri May 07 18:48:33 CST 2021","1","","test_fixture","Test_firstFile","","","test_three",""
"passed","Fri May 07 18:48:33 CST 2021","Fri May 07 18:48:33 CST 2021","1","","test_param_in_file","","","","test_add[int]",""
"passed","Fri May 07 18:48:33 CST 2021","Fri May 07 18:48:33 CST 2021","1","","test_fixture","Test_firstFile","","","test_two[参数2]",""
"passed","Fri May 07 18:48:33 CST 2021","Fri May 07 18:48:33 CST 2021","0","","test_setup_teardowm","","","","test_two",""
"passed","Fri May 07 18:48:33 CST 2021","Fri May 07 18:48:33 CST 2021","0","","test_parametrize","","","","test_add[int]",""
"passed","Fri May 07 18:48:33 CST 2021","Fri May 07 18:48:33 CST 2021","1","","test_parametrize","","","","test_foo[10000-0]",""
"passed","Fri May 07 18:48:33 CST 2021","Fri May 07 18:48:33 CST 2021","0","","test_parametrize","","","","test_add[minus]",""
"passed","Fri May 07 18:48:33 CST 2021","Fri May 07 18:48:33 CST 2021","0","","test_setup_teardowm","","","","test_one",""
"passed","Fri May 07 18:48:33 CST 2021","Fri May 07 18:48:33 CST 2021","1","","test_mark_study","Test_Demo2","","","test_two",""
"passed","Fri May 07 18:48:33 CST 2021","Fri May 07 18:48:33 CST 2021","1","","test_param_in_file","","","","test_add[bigint]",""
"passed","Fri May 07 18:48:33 CST 2021","Fri May 07 18:48:33 CST 2021","1","","test_parametrize","","","","test_foo[10000-20000]",""
"passed","Fri May 07 18:48:33 CST 2021","Fri May 07 18:48:33 CST 2021","0","","test_param_in_file","","","","test_add[minus]",""
"passed","Fri May 07 18:48:33 CST 2021","Fri May 07 18:48:33 CST 2021","0","","test_parametrize","","","","test_foo[-2-0]",""
"passed","Fri May 07 18:48:33 CST 2021","Fri May 07 18:48:33 CST 2021","1","","test_mark_study","Test_Demo2","","","test_demo",""
"passed","Fri May 07 18:48:33 CST 2021","Fri May 07 18:48:33 CST 2021","0","","test_parametrize","","","","test_foo[-2-1]",""
"passed","Fri May 07 18:48:33 CST 2021","Fri May 07 18:48:33 CST 2021","0","","test_parametrize","","","","test_foo[-2-20000]",""
"passed","Fri May 07 18:48:33 CST 2021","Fri May 07 18:48:33 CST 2021","2","","test_demo1","Test_Demo","","","test_demo",""
"passed","Fri May 07 18:48:33 CST 2021","Fri May 07 18:48:33 CST 2021","1","","test_parametrize","","","","test_foo[0.4-20000]",""
"failed","Fri May 07 18:48:33 CST 2021","Fri May 07 18:48:33 CST 2021","0","","test_mark_study","Test_Demo2","","","test_three",""
"passed","Fri May 07 18:48:33 CST 2021","Fri May 07 18:48:33 CST 2021","1","","test_parametrize","","","","test_foo[0.4-1]",""
"passed","Fri May 07 18:48:33 CST 2021","Fri May 07 18:48:33 CST 2021","0","","test_fixture","Test_firstFile","","","test_one",""
"passed","Fri May 07 18:48:33 CST 2021","Fri May 07 18:48:33 CST 2021","0","","test_setup_teardowm","TestCase","","","test_three",""
"passed","Fri May 07 18:48:33 CST 2021","Fri May 07 18:48:33 CST 2021","1","","test_setup_teardowm","TestCase","","","test_four",""
"passed","Fri May 07 18:48:33 CST 2021","Fri May 07 18:48:33 CST 2021","1","","test_fixture","Test_firstFile","","","test_two[参数1]",""
